District,Service_Name,Department,Users_Reported,Satisfaction_Score_(%),Year,Month
Musanze,eTax Portal,Ministry of Health,910,,2022,Unknown
Gasabo,Land Registration Portal,Immigration Department,3822,93.6,2023,Dec
Rusizi,eTax Portal,Rwanda Revenue Authority,516,82.9,2024,Mar
Nyagatare,E-Visa Service,Ministry of ICT,4476,,2024,Jun
Nyagatare,Digital Health Records,Rwanda Revenue Authority,,,2023,May
Rubavu,E-Visa Service,Rwanda Revenue Authority,,,2022,Jun
Musanze,eTax Portal,Rwanda Revenue Authority,,98.7,2021,Aug
Burera,Digital Health Records,Ministry of Lands,,54.1,2023,
Nyarugenge,eTax Portal,Ministry of ICT,,84,2021,Apr
Nyamagabe,Online Business Registration,Ministry of Health,,70.9,2021,Sep
Kicukiro,Digital Health Records,Immigration Department,,,2023,Aug
Gasabo,Digital Health Records,Immigration Department,4893,58.7,2024,Jun
Nyarugenge,Irembo Services,Ministry of Health,524,86.4,2021,Aug
Huye,Online Business Registration,Ministry of Lands,,92.3,2021,Feb
Nyagatare,Digital Health Records,Immigration Department,,,2022,Aug
Nyanza,Land Registration Portal,Rwanda Revenue Authority,,,2024,Dec
Gasabo,eTax Portal,Immigration Department,,52,2021,Dec
Burera,Land Registration Portal,Ministry of ICT,,75.7,2022,Aug
Huye,eTax Portal,Ministry of ICT,,71.9,2024,Jun
Burera,E-Visa Service,Ministry of Health,,,2023,Feb
Nyamagabe,eTax Portal,Ministry of Lands,1578,,2023,May
Nyagatare,Irembo Services,Ministry of Lands,3606,89.6,2022,Jan
Rulindo,E-Visa Service,Immigration Department,696,63.8,2023,
Rusizi,Digital Health Records,Ministry of Lands,2938,64.2,2021,Dec
Gasabo,eTax Portal,Ministry of Lands,2485,60.5,2024,Feb
Rwamagana,Irembo Services,Immigration Department,,73.3,2021,Jan
Nyamagabe,Land Registration Portal,Ministry of ICT,,86.7,2021,Unknown
Karongi,E-Visa Service,Rwanda Revenue Authority,,,2023,Jun
Rusizi,E-Visa Service,Ministry of Health,,95.5,2021,Nov
Rubavu,Irembo Services,Ministry of ICT,,,2023,Feb
Huye,Land Registration Portal,Ministry of Lands,,98.6,2024,Nov
Karongi,E-Visa Service,Ministry of Lands,,,2024,
Musanze-,Digital Health Records,Immigration Department,4064,,2021,Mar
Nyarugenge,eTax Portal,Ministry of Health,,54.9,2022,Dec
Gakenke,Online Business Registration,Rwanda Revenue Authority,,,2023,Apr
Musanze,Land Registration Portal,Immigration Department,,,2023,Sep
Bugesera,eTax Portal,Immigration Department,,,2021,Mar
Bugesera,Online Business Registration,Rwanda Revenue Authority,,82.6,2023,Sep
Rusizi,E-Visa Service,Rwanda Revenue Authority,1550,,2023,Mar
Kicukiro,Online Business Registration,Ministry of Lands,,92.9,2022,Jun
Rulindo,Land Registration Portal,Immigration Department,,,2022,Sep
Burera,eTax Portal,Ministry of ICT,4961,,2021,Jul
Musanze,E-Visa Service,Ministry of ICT,,98.5,2022,Aug
Gakenke,E-Visa Service,Immigration Department,,,2021,Apr
Nyarugenge,E-Visa Service,Rwanda Revenue Authority,,,2024,
Burera,E-Visa Service,Ministry of Health,387,66.5,2021,Jul
Ngoma,Online Business Registration,Rwanda Revenue Authority,,,2024,Nov
Bugesera,E-Visa Service,Rwanda Revenue Authority,4043,57.3,2021,Mar
Huye,Irembo Services,Ministry of Health,,62.4,2023,Mar
Nyarugenge,E-Visa Service,Rwanda Revenue Authority,429,97.4,2022,Nov
Kicukiro,E-Visa Service,Ministry of Health,2112,,2024,Nov
Nyagatare,Irembo Services,Immigration Department,114,69,2021,Jul
Ngoma,eTax Portal,Ministry of Health,,86.8,2022,Jul
Nyarugenge,Digital Health Records,Ministry of ICT,,76.7,2021,Jan
Nyagatare,Irembo Services,Ministry of Health,1545,,2022,Dec
Musanze,Land Registration Portal,Rwanda Revenue Authority,441,72.3,2022,Oct
Gakenke,eTax Portal,Immigration Department,4564,,2021,Apr
Rusizi,E-Visa Service,Ministry of Health,4524,,2024,Aug
Rulindo,Online Business Registration,Rwanda Revenue Authority,3611,,2024,Oct
Bugesera,Irembo Services,Ministry of Health,3149,56.1,2023,Jul
Rwamagana,eTax Portal,Immigration Department,,96.8,2022,Jul
Bugesera,eTax Portal,Immigration Department,,82,2023,Jan
Bugesera,E-Visa Service,Ministry of ICT,,72.6,2023,Dec
Huye,Digital Health Records,Immigration Department,4648,54.4,2021,Apr
Rusizi,Online Business Registration,Rwanda Revenue Authority,,,2021,Apr
Nyarugenge,Online Business Registration,Immigration Department,854,,2021,May
Rwamagana,Online Business Registration,Immigration Department,,,2022,
Burera,Land Registration Portal,Rwanda Revenue Authority,2823,,2021,Dec
Nyagatare,eTax Portal,Rwanda Revenue Authority,1620,,2021,
Rwamagana,Land Registration Portal,Immigration Department,2740,98.7,2022,
Rulindo,Land Registration Portal,Immigration Department,,72.7,2022,Feb
Gakenke,eTax Portal,Ministry of Health,552,76.1,2024,Oct
Rusizi,Online Business Registration,Immigration Department,4543,,2021,Feb
Burera,eTax Portal,Ministry of ICT,4538,,2021,
Nyagatare,Digital Health Records,Ministry of ICT,1534,,2021,Unknown
Karongi,eTax Portal,Ministry of ICT,913,,2024,Sep
Kicukiro,E-Visa Service,Ministry of ICT,613,,2021,Mar
Nyagatare,eTax Portal,Immigration Department,,59.4,2024,Jun
Kicukiro,Irembo Services,Ministry of Health,1807,,2023,Jun
Karongi,Digital Health Records,Rwanda Revenue Authority,1728,61.7,2024,Apr
Gakenke,Irembo Services,Immigration Department,,,2023,Aug
Rusizi,Online Business Registration,Ministry of Lands,1772,83.1,2021,Feb
Nyarugenge,Online Business Registration,Immigration Department,,,2023,May
Huye,E-Visa Service,Ministry of ICT,,,2024,Nov
Karongi,E-Visa Service,Ministry of Lands,1647,,2022,Unknown
Huye,E-Visa Service,Immigration Department,,93.2,2023,Aug
Kayonza,Digital Health Records,Ministry of Health,,,2023,Sep
Gakenke,Land Registration Portal,Ministry of Health,,,2021,Nov
Rulindo,eTax Portal,Ministry of Lands,2031,83.8,2024,Jun
Rubavu,Irembo Services,Rwanda Revenue Authority,,,2023,Oct
Rusizi,Digital Health Records,Ministry of Lands,,69.7,2023,Jul
Rubavu,Irembo Services,Ministry of Health,,,2023,Oct
Nyagatare,eTax Portal,Ministry of Lands,,,2023,Jul
Burera,Land Registration Portal,Ministry of ICT,2725,80.2,2022,Oct
Burera,Irembo Services,Ministry of ICT,1332,98.9,2024,Feb
Rusizi,Digital Health Records,Rwanda Revenue Authority,,99.7,2021,Jun
Nyamagabe,eTax Portal,Ministry of Lands,,89.1,2021,Jun
Gakenke,E-Visa Service,Ministry of Lands,3798,64.4,2022,Unknown
Bugesera,E-Visa Service,Ministry of Lands,,93.9,2024,Aug
Nyagatare,E-Visa Service,Ministry of Lands,2048,,2023,Oct
Rubavu,eTax Portal,Rwanda Revenue Authority,,,2022,Mar
Nyanza,Land Registration Portal,Ministry of Health,1545,95.1,2024,Unknown
Kayonza,Digital Health Records,Immigration Department,3813,89.9,2023,Nov
Nyarugenge,E-Visa Service,Rwanda Revenue Authority,1903,93.4,2022,Dec
Kicukiro,eTax Portal,Ministry of Health,,,2024,
Musanze,Irembo Services,Ministry of Health,3631,82.5,2021,May
Rubavu,E-Visa Service,Ministry of Health,3507,,2021,Oct
Rwamagana,Online Business Registration,Ministry of Lands,1686,80.5,2024,Oct
Nyamagabe,Digital Health Records,Rwanda Revenue Authority,3049,,2021,Feb
Nyarugenge,Irembo Services,Ministry of Health,748,77.4,2024,Nov
Gakenke,Land Registration Portal,Immigration Department,,61.9,2023,Mar
Gakenke,Land Registration Portal,Immigration Department,904,,2024,Jun
Rulindo,eTax Portal,Ministry of ICT,,53.7,2023,Feb
Nyanza,Land Registration Portal,Ministry of Health,,,2022,Apr
Rusizi,Online Business Registration,Rwanda Revenue Authority,,,2024,May
Burera,E-Visa Service,Ministry of Lands,4981,75,2022,Feb
Gasabo,Irembo Services,Ministry of ICT,,,2021,Mar
Musanze,E-Visa Service,Ministry of Health,4268,,2023,Jun
Burera,Digital Health Records,Ministry of Lands,,,2024,Dec
Rusizi,E-Visa Service,Rwanda Revenue Authority,2377,55.4,2022,Mar
Karongi,eTax Portal,Rwanda Revenue Authority,,69.9,2023,Sep
Musanze,E-Visa Service,Ministry of ICT,,,2023,Jul
Ngoma,Digital Health Records,Ministry of ICT,1980,,2021,Jul
Nyamagabe-,Irembo Services,Ministry of Health,658,,2021,Oct
Rwamagana,Online Business Registration,Ministry of Lands,1197,85.9,2023,Mar
Rulindo,Irembo Services,Immigration Department,,76.1,2023,Oct
Gasabo,Irembo Services,Ministry of Lands,,59.8,2024,Jul
Rusizi,eTax Portal,Rwanda Revenue Authority,2861,94.8,2023,Jul
Nyanza,Digital Health Records,Rwanda Revenue Authority,1419,94.9,2024,Mar
Rwamagana,Irembo Services,Ministry of Health,,82.7,2023,Aug
Nyanza,Irembo Services,Immigration Department,2961,53,2021,Nov
Musanze,Online Business Registration,Ministry of Health,1893,74,2024,Sep
Ngoma,Land Registration Portal,Rwanda Revenue Authority,,55.1,2022,Dec
Nyanza,Online Business Registration,Rwanda Revenue Authority,,80.9,2021,Nov
Huye,Digital Health Records,Ministry of Lands,4786,64.2,2024,Mar
Rubavu,Digital Health Records,Immigration Department,,,2024,Sep
Bugesera,eTax Portal,Ministry of Lands,,,2022,Mar
Rwamagana,E-Visa Service,Ministry of Lands,673,,2024,Aug
Burera,E-Visa Service,Ministry of Health,3693,85.8,2023,May
Nyanza,E-Visa Service,Ministry of Lands,2099,,2022,Mar
Gasabo,Land Registration Portal,Ministry of ICT,3773,56.1,2021,Mar
Karongi,Digital Health Records,Ministry of ICT,,,2021,Jun
Kayonza,Land Registration Portal,Ministry of Lands,4140,59.1,2023,Unknown
Gasabo,E-Visa Service,Immigration Department,2106,59.2,2021,Aug
Musanze,E-Visa Service,Ministry of Lands,3220,,2024,Oct
Bugesera,Online Business Registration,Rwanda Revenue Authority,2305,,2024,Jan
Ngoma,Digital Health Records,Rwanda Revenue Authority,,,2023,Unknown
Nyagatare,E-Visa Service,Immigration Department,3241,,2021,Jun
Kicukiro,Irembo Services,Ministry of Health,,,2021,Jan
Nyagatare,Digital Health Records,Ministry of ICT,4732,76.3,2023,Aug
Nyarugenge,Land Registration Portal,Ministry of ICT,,97.6,2022,Mar
Nyarugenge,Digital Health Records,Ministry of Health,,81.9,2021,Apr
Kayonza,eTax Portal,Ministry of Lands,,94.2,2022,Unknown
Nyarugenge,Irembo Services,Immigration Department,148,89.7,2021,Jul
Burera,E-Visa Service,Ministry of Lands,,,2021,Sep
Rubavu,eTax Portal,Ministry of Health,,,2021,Sep
Rubavu,Online Business Registration,Immigration Department,2919,,2021,Nov
Kayonza,Digital Health Records,Ministry of ICT,3841,77.8,2024,Aug
Burera,Digital Health Records,Ministry of ICT,4117,,2022,Jul
Rwamagana,Online Business Registration,Ministry of Lands,4543,,2022,Nov
Rusizi,eTax Portal,Rwanda Revenue Authority,,,2021,Aug
Nyanza,Irembo Services,Ministry of Health,,90.5,2021,Jul
Nyamagabe,E-Visa Service,Ministry of Health,1268,81.2,2022,Dec
Huye,eTax Portal,Ministry of Lands,4785,71.2,2024,Unknown
Burera,Land Registration Portal,Ministry of Health,,58.4,2023,Aug
Huye,E-Visa Service,Ministry of ICT,1004,93.5,2023,Aug
Ngoma,eTax Portal,Ministry of Lands,4615,60.8,2022,Mar
Gakenke,Irembo Services,Ministry of ICT,,58.9,2021,Feb
Bugesera,Digital Health Records,Immigration Department,,,2021,Oct
Rulindo,eTax Portal,Immigration Department,3486,60.3,2024,Jan
Nyanza,Online Business Registration,Rwanda Revenue Authority,,,2023,
Rulindo,Irembo Services,Ministry of Health,3404,81.6,2024,
Musanze,Digital Health Records,Immigration Department,275,,2023,Apr
Nyagatare,Irembo Services,Ministry of Health,4943,63.7,2022,May
Nyagatare,E-Visa Service,Ministry of ICT,1009,84.8,2023,Jan
Nyarugenge,Online Business Registration,Ministry of Lands,,72.1,2024,May
Karongi,E-Visa Service,Immigration Department,865,85.9,2024,Apr
Gasabo,E-Visa Service,Ministry of Lands,,,2024,Sep
Burera,Land Registration Portal,Immigration Department,,56.4,2022,May
Nyagatare,Irembo Services,Ministry of Health,,,2023,Mar
Nyagatare,Irembo Services,Immigration Department,,78.9,2023,
Gasabo,eTax Portal,Immigration Department,,,2024,Aug
Nyarugenge,Online Business Registration,Ministry of ICT,,54.3,2023,Oct
Kicukiro,Online Business Registration,Rwanda Revenue Authority,,79.8,2021,Dec
Nyagatare,Land Registration Portal,Ministry of ICT,3470,66.2,2021,
Nyarugenge,Online Business Registration,Ministry of Lands,351,67.2,2021,
Kicukiro,Irembo Services,Ministry of Health,656,53.5,2023,Aug
Karongi,Land Registration Portal,Ministry of Health,749,,2022,Sep
Nyarugenge,Online Business Registration,Immigration Department,1189,90,2022,Sep
Nyanza,Land Registration Portal,Ministry of Health,2350,,2022,Feb
Nyagatare,Online Business Registration,Rwanda Revenue Authority,3025,,2022,Oct
Rusizi,Online Business Registration,Rwanda Revenue Authority,,,2021,Feb
Kayonza,eTax Portal,Immigration Department,,66.2,2021,May
Huye,Online Business Registration,Immigration Department,2115,,2024,
Burera,Land Registration Portal,Ministry of Lands,619,,2023,Sep
Rubavu,Irembo Services,Immigration Department,,68.1,2023,Unknown
Kayonza,eTax Portal,Ministry of ICT,,,2022,Jun
Nyagatare,Online Business Registration,Ministry of ICT,,,2021,Sep
Kayonza,Online Business Registration,Ministry of ICT,,,2022,Unknown
Nyamagabe,Land Registration Portal,Rwanda Revenue Authority,,98.1,2024,
Huye,eTax Portal,Ministry of Health,,84.5,2023,Jan
Musanze,Online Business Registration,Ministry of Lands,,,2023,
Musanze,Irembo Services,Immigration Department,,54.8,2022,Dec
Nyamagabe,E-Visa Service,Ministry of Lands,,,2024,Aug
Bugesera,Irembo Services,Rwanda Revenue Authority,1891,,2023,Sep
Nyamagabe,Online Business Registration,Immigration Department,2505,99.1,2024,Apr
Nyamagabe,Irembo Services,Immigration Department,3000,96.4,2024,Jul
Rulindo,eTax Portal,Rwanda Revenue Authority,4181,56,2022,Feb
Kicukiro,Online Business Registration,Ministry of Health,4165,57.6,2021,Dec
Musanze,Land Registration Portal,Immigration Department,,,2022,Unknown
Kicukiro,eTax Portal,Ministry of Health,,77,2021,Nov
Gakenke,Irembo Services,Rwanda Revenue Authority,1021,,2024,
Karongi,Online Business Registration,Ministry of Lands,,,2021,Apr
Musanze,eTax Portal,Immigration Department,,,2024,May
Nyagatare,Irembo Services,Ministry of Health,2824,,2023,Unknown
Huye,Online Business Registration,Immigration Department,903,,2023,Jan
Huye,E-Visa Service,Ministry of Health,,,2023,Aug
Burera,Digital Health Records,Immigration Department,,55.9,2022,May
Rulindo,Land Registration Portal,Immigration Department,,,2022,Jun
Rubavu,Irembo Services,Immigration Department,,,2024,Unknown
Nyamagabe,E-Visa Service,Ministry of Lands,4983,96.8,2023,Unknown
Rwamagana,Irembo Services,Immigration Department,2541,75.5,2022,Feb
Rusizi,Digital Health Records,Ministry of Health,,69.8,2023,Aug
Rulindo,Digital Health Records,Ministry of Lands,,,2022,Unknown
Nyagatare,eTax Portal,Ministry of ICT,54,75.8,2021,Feb
Nyarugenge,Land Registration Portal,Ministry of Health,4919,89.3,2021,
Rulindo,Land Registration Portal,Ministry of Health,,99.6,2023,
Burera,Irembo Services,Ministry of ICT,4192,,2024,Apr
Musanze,Digital Health Records,Ministry of Lands,,,2022,Apr
Kicukiro,Land Registration Portal,Immigration Department,,77,2022,
Burera,Online Business Registration,Ministry of Health,1743,,2021,Dec
Gasabo,Land Registration Portal,Ministry of ICT,,,2021,Oct
Nyarugenge,Irembo Services,Immigration Department,880,,2024,Dec
Nyagatare,E-Visa Service,Ministry of Lands,,,2024,Jun
Rwamagana,E-Visa Service,Ministry of Health,1419,54,2024,Unknown
Nyamagabe,Land Registration Portal,Immigration Department,,51.1,2023,Dec
Kayonza,eTax Portal,Immigration Department,2888,,2021,Oct
Kayonza,Digital Health Records,Rwanda Revenue Authority,1981,,2023,Nov
Huye,E-Visa Service,Ministry of ICT,,82,2021,Jul
Gakenke,Irembo Services,Immigration Department,4779,78.8,2021,Mar
Kicukiro,Irembo Services,Ministry of Lands,,,2022,Oct
Rwamagana,Digital Health Records,Rwanda Revenue Authority,609,80.3,2021,Mar
Gakenke,Digital Health Records,Immigration Department,4633,,2021,
Gasabo,Digital Health Records,Immigration Department,3393,,2023,Apr
Gakenke,E-Visa Service,Ministry of Lands,,75.1,2021,Unknown
Rusizi,Irembo Services,Rwanda Revenue Authority,1520,91.3,2023,Apr
Rulindo,Digital Health Records,Rwanda Revenue Authority,2344,,2024,
Ngoma,E-Visa Service,Ministry of ICT,,,2021,Jan
Nyamagabe,Digital Health Records,Immigration Department,1729,,2021,Oct
Burera,Irembo Services,Ministry of ICT,2794,,2023,Jun
Kayonza,Irembo Services,Rwanda Revenue Authority,,,2024,Sep
Rubavu,eTax Portal,Ministry of ICT,3168,79.7,2022,May
Huye,Land Registration Portal,Ministry of Lands,,,2024,Oct
Ngoma-,Online Business Registration,Ministry of Health,3109,63.9,2023,Sep
Huye,Irembo Services,Ministry of Lands,,82,2024,Mar
Kicukiro,Online Business Registration,Rwanda Revenue Authority,2529,,2023,Jun
Burera,eTax Portal,Ministry of Lands,,82.5,2023,Dec
Kicukiro,Land Registration Portal,Rwanda Revenue Authority,1807,69.3,2022,May
Karongi,E-Visa Service,Ministry of Lands,,,2021,May
Kicukiro,Land Registration Portal,Immigration Department,,,2023,Oct
Kicukiro,Land Registration Portal,Immigration Department,,99.7,2023,May
Kayonza,E-Visa Service,Ministry of Lands,1681,81,2022,Unknown
Nyanza,eTax Portal,Ministry of ICT,1065,99.2,2023,Sep
Nyanza,Digital Health Records,Rwanda Revenue Authority,,58.5,2021,Nov
Rwamagana,Land Registration Portal,Immigration Department,,,2022,Unknown
Kicukiro,Land Registration Portal,Rwanda Revenue Authority,,63.3,2021,Feb
Nyanza,eTax Portal,Immigration Department,,,2021,Mar
Nyarugenge,Digital Health Records,Ministry of Health,,,2022,
Rwamagana,Land Registration Portal,Ministry of Lands,,99.8,2023,
Nyarugenge,Land Registration Portal,Immigration Department,,,2021,Jul
Nyarugenge,Digital Health Records,Ministry of Lands,1618,,2021,Jan
Nyagatare,Irembo Services,Ministry of Health,2788,,2021,May
Gakenke,E-Visa Service,Rwanda Revenue Authority,3963,71.3,2021,Unknown
Musanze,Irembo Services,Ministry of Lands,4430,89.6,2022,Nov
Nyagatare,E-Visa Service,Immigration Department,4157,72.5,2022,Mar
Kicukiro,E-Visa Service,Ministry of Health,,67.7,2024,Dec
Nyarugenge,Land Registration Portal,Immigration Department,,,2024,Unknown
Nyamagabe,E-Visa Service,Ministry of Health,2132,58.8,2021,Mar
Nyanza,Online Business Registration,Ministry of Health,,,2023,Apr
Karongi,Digital Health Records,Immigration Department,825,,2021,Mar
Rusizi,Digital Health Records,Ministry of Lands,,,2023,Dec
Huye,Online Business Registration,Rwanda Revenue Authority,467,89.5,2021,Jun
Karongi,Digital Health Records,Rwanda Revenue Authority,666,,2024,Unknown
Nyagatare,eTax Portal,Ministry of Health,,59.5,2024,Apr
Rusizi,Digital Health Records,Immigration Department,1566,60.8,2023,
Gakenke,Digital Health Records,Ministry of Health,,91.7,2021,Unknown
Rubavu,Digital Health Records,Rwanda Revenue Authority,778,,2023,Nov
Ngoma,E-Visa Service,Ministry of Health,,,2024,Jul
Rulindo,Irembo Services,Ministry of Health,3515,74.4,2021,Aug
Karongi,eTax Portal,Rwanda Revenue Authority,,63.3,2021,Mar
Nyarugenge,Digital Health Records,Ministry of Lands,2836,,2023,Oct
Gasabo,eTax Portal,Ministry of Health,,63.3,2022,Nov
Rulindo,E-Visa Service,Ministry of Lands,,,2023,May
Musanze,eTax Portal,Ministry of Health,,,2024,Nov
Nyarugenge,eTax Portal,Immigration Department,,,2024,Jul
Burera,Online Business Registration,Ministry of Health,3490,90.5,2024,Jul
Huye,E-Visa Service,Ministry of Health,2376,,2024,Aug
Nyanza,Digital Health Records,Ministry of ICT,2964,,2024,Feb
Rusizi,Irembo Services,Immigration Department,,94.6,2022,Nov
Rubavu,Irembo Services,Immigration Department,,,2021,
Bugesera,Irembo Services,Ministry of Lands,,65.8,2023,
Nyarugenge,Irembo Services,Ministry of Lands,4542,,2023,Feb
Nyagatare,Digital Health Records,Ministry of Health,445,,2024,Jul
Bugesera,Irembo Services,Rwanda Revenue Authority,4221,,2023,Sep
Ngoma,E-Visa Service,Ministry of Health,,95.1,2024,Dec
Rwamagana,E-Visa Service,Ministry of ICT,767,91.3,2022,May
Rulindo,eTax Portal,Ministry of Health,,83,2022,Dec
Burera,Online Business Registration,Ministry of ICT,193,72.5,2021,Jun
Ngoma,Land Registration Portal,Ministry of Health,3190,,2022,Aug
Nyanza,Irembo Services,Ministry of Lands,4541,72.5,2022,Aug
Gasabo,Land Registration Portal,Ministry of Health,2988,,2021,Jun
Burera,Land Registration Portal,Ministry of Lands,3686,99.4,2023,Oct
Ngoma,Land Registration Portal,Rwanda Revenue Authority,1217,84,2024,Jan
Musanze,eTax Portal,Rwanda Revenue Authority,1112,51.9,2024,Unknown
Rubavu,E-Visa Service,Immigration Department,,85.8,2023,
Rusizi,Irembo Services,Ministry of Health,,90.1,2021,Unknown
Musanze,Digital Health Records,Immigration Department,1206,50.6,2023,Dec
Musanze,eTax Portal,Ministry of Health,782,,2022,Feb
Burera,E-Visa Service,Rwanda Revenue Authority,,,2021,Dec
Rubavu,Digital Health Records,Ministry of ICT,,,2021,Aug
Rusizi,E-Visa Service,Immigration Department,,88.7,2021,Nov
Ngoma,Irembo Services,Immigration Department,,89.2,2024,Nov
Huye,eTax Portal,Rwanda Revenue Authority,,58.7,2023,Dec
Karongi,Land Registration Portal,Rwanda Revenue Authority,3043,,2021,Jun
Huyex,eTax Portal,Ministry of ICT,,,2021,Unknown
Rusizi,eTax Portal,Immigration Department,1590,71.2,2021,Feb
Nyanza,Irembo Services,Rwanda Revenue Authority,,,2023,
Kayonza,Land Registration Portal,Rwanda Revenue Authority,,,2024,Sep
Rusizi,Land Registration Portal,Ministry of ICT,1438,88.5,2022,Jul
Kicukiro,Online Business Registration,Ministry of ICT,,98.8,2024,Apr
Nyarugenge,Online Business Registration,Ministry of Lands,1730,60.3,2021,Jul
Nyamagabe,E-Visa Service,Ministry of Health,4362,,2024,Unknown
Rusizi,Digital Health Records,Ministry of Lands,,88.7,2024,Apr
Kicukiro,Online Business Registration,Ministry of ICT,,98,2022,Aug
Gasabo,Irembo Services,Rwanda Revenue Authority,3536,,2023,May
Karongi,eTax Portal,Ministry of ICT,,,2023,Jun
Rubavu,Land Registration Portal,Immigration Department,2264,,2024,Unknown
Rusizi,eTax Portal,Rwanda Revenue Authority,,55.7,2024,May
Rwamagana,Irembo Services,Ministry of Lands,3652,79.1,2023,Jun
Rulindo,eTax Portal,Ministry of Lands,3572,,2023,Sep
Burera,Land Registration Portal,Ministry of Lands,,82.8,2022,Oct
Nyamagabe,Online Business Registration,Rwanda Revenue Authority,,52.2,2021,Mar
Burera,Digital Health Records,Ministry of Health,,96.4,2024,Oct
Gasabo,Land Registration Portal,Ministry of Health,505,,2023,Unknown
Musanze,Land Registration Portal,Ministry of Health,944,,2024,Aug
Nyarugenge,Land Registration Portal,Ministry of ICT,2008,,2024,
Rubavu,E-Visa Service,Ministry of ICT,,,2023,Jun
Burera,E-Visa Service,Immigration Department,4335,,2022,Nov
Kicukiro,Land Registration Portal,Rwanda Revenue Authority,,,2024,
Bugesera,Irembo Services,Immigration Department,3490,50.6,2022,Jan
Burera,Land Registration Portal,Ministry of ICT,873,,2023,Jan
Rubavu,E-Visa Service,Rwanda Revenue Authority,,65.8,2021,Feb
Nyamagabe,E-Visa Service,Ministry of Lands,3677,92.3,2021,Nov
Rubavu,eTax Portal,Rwanda Revenue Authority,1902,77.2,2024,
Kicukiro,Irembo Services,Ministry of ICT,,87.8,2023,Unknown
Ngoma,Online Business Registration,Ministry of Lands,3334,,2022,Aug
Bugesera,eTax Portal,Ministry of Lands,2861,86.4,2024,Jan
Kicukiro,E-Visa Service,Rwanda Revenue Authority,1300,,2023,Feb
Bugesera,eTax Portal,Ministry of Health,,,2023,Unknown
Huye,eTax Portal,Ministry of ICT,1306,87.7,2022,Mar
Nyagatare,eTax Portal,Ministry of ICT,3536,96.9,2024,Aug
Musanze,Irembo Services,Ministry of Health,,,2023,Aug
Bugesera,Online Business Registration,Immigration Department,,56.6,2023,Jan
Burera,Online Business Registration,Immigration Department,520,,2023,Jul
Nyamagabe,Land Registration Portal,Ministry of ICT,,60.7,2022,Apr
Rubavu,E-Visa Service,Ministry of Health,,,2024,Dec
Nyagatare,Digital Health Records,Ministry of Health,,86.6,2024,Mar
Rwamagana,Irembo Services,Ministry of Lands,717,87.9,2024,Nov
Rwamagana,Online Business Registration,Immigration Department,,75.4,2024,May
Nyamagabe,E-Visa Service,Immigration Department,,55.3,2021,Mar
Gasabo,E-Visa Service,Ministry of Lands,,84.4,2021,Unknown
Rwamagana,Irembo Services,Rwanda Revenue Authority,,78.9,2024,May
Karongi,Irembo Services,Immigration Department,,88.1,2022,Feb
Nyamagabe,E-Visa Service,Ministry of Lands,3825,,2021,Nov
Nyagatare,Land Registration Portal,Ministry of Health,,50.5,2023,Jun
Rusizi,Online Business Registration,Rwanda Revenue Authority,974,87.1,2021,May
Rwamagana,Digital Health Records,Ministry of ICT,1631,,2023,Feb
Musanze,Digital Health Records,Ministry of Health,,,2024,Jun
Gakenke,Digital Health Records,Rwanda Revenue Authority,305,90,2021,Nov
Kicukiro,eTax Portal,Ministry of Lands,1888,65.5,2022,Nov
Kayonza,Online Business Registration,Ministry of Health,,86.7,2021,Mar
Nyagatare,eTax Portal,Rwanda Revenue Authority,,,2021,Jan
Huye,eTax Portal,Ministry of ICT,1065,67.8,2021,Jul
Rulindo,E-Visa Service,Ministry of Health,4519,,2024,Nov
Bugesera,eTax Portal,Ministry of Health,,,2022,May
Ngoma,Land Registration Portal,Immigration Department,,,2021,Dec
Nyagatare,Land Registration Portal,Rwanda Revenue Authority,4208,,2022,Dec
Nyagatare,Irembo Services,Rwanda Revenue Authority,3975,87.5,2024,
Gasabo,Irembo Services,Immigration Department,4834,68.4,2023,Apr
Huye,Online Business Registration,Ministry of Lands,,87.8,2021,Jul
Gakenke,Online Business Registration,Ministry of Lands,2202,,2022,Nov
Karongi,Land Registration Portal,Immigration Department,560,,2022,Feb
Rusizi,Irembo Services,Ministry of Health,,68.4,2024,Dec
Nyarugenge,E-Visa Service,Ministry of ICT,,,2021,Feb
Rusizi,Irembo Services,Ministry of Lands,2050,94.3,2023,Jan
Bugesera,eTax Portal,Ministry of ICT,,,2022,Apr
Nyanza,Digital Health Records,Rwanda Revenue Authority,1510,,2021,Aug
Gakenke,E-Visa Service,Rwanda Revenue Authority,3686,,2023,Feb
Burera,Digital Health Records,Ministry of Lands,,,2022,Mar
Karongi,Digital Health Records,Ministry of Health,4228,59.1,2022,Oct
Gasabo,Land Registration Portal,Rwanda Revenue Authority,2098,54.6,2023,Apr
Musanze,Digital Health Records,Ministry of ICT,4830,93.7,2023,Sep
Rusizi,Digital Health Records,Ministry of Health,4594,,2024,Nov
Rwamagana,eTax Portal,Ministry of Lands,,,2021,Aug
Rusizi,Online Business Registration,Rwanda Revenue Authority,,,2021,Jan
Kicukiro,Land Registration Portal,Ministry of Lands,,,2024,Jan
Musanze,Irembo Services,Ministry of Health,,,2022,Dec
Nyamagabe,eTax Portal,Ministry of Health,,,2023,Jun
Bugesera,Digital Health Records,Ministry of Health,820,91.3,2023,Unknown
Karongi,Irembo Services,Immigration Department,4413,81.8,2023,Feb
Nyamagabe,eTax Portal,Immigration Department,,52.9,2022,Unknown
Nyanza,E-Visa Service,Ministry of ICT,,,2023,Jul
Musanze,E-Visa Service,Ministry of Health,4908,85.4,2023,Dec
Gakenke,Land Registration Portal,Ministry of Health,4769,91.3,2024,Mar
Huye,Digital Health Records,Rwanda Revenue Authority,3424,,2022,Aug
Rusizi,Land Registration Portal,Ministry of ICT,3328,56.1,2021,Feb
Kicukiro,E-Visa Service,Ministry of ICT,,,2024,Apr
Nyamagabe,eTax Portal,Ministry of Lands,2172,68.6,2024,Jul
Gasabo,Irembo Services,Ministry of Health,,79.9,2021,Feb
Nyanza,Online Business Registration,Rwanda Revenue Authority,,88.3,2024,Dec
Burera,Digital Health Records,Ministry of Lands,,96.7,2022,
Huye,Land Registration Portal,Immigration Department,1408,,2023,Feb
Bugesera,Irembo Services,Ministry of Health,2532,,2022,Feb
Nyamagabe,Irembo Services,Ministry of ICT,,58.9,2021,Jun
Nyarugenge,Online Business Registration,Ministry of Health,,,2021,Jun
Karongi,eTax Portal,Ministry of Health,,87.4,2024,May
Karongi,Online Business Registration,Immigration Department,4687,,2022,Mar
Musanze,Online Business Registration,Rwanda Revenue Authority,3227,,2022,Jul
Ngoma,eTax Portal,Rwanda Revenue Authority,2178,,2021,
Nyanza,eTax Portal,Rwanda Revenue Authority,,58.3,2022,Unknown
Ngoma,eTax Portal,Ministry of Lands,,,2021,
Nyamagabe,Irembo Services,Rwanda Revenue Authority,,,2022,Unknown
Karongi,Irembo Services,Ministry of Lands,,75.9,2022,Mar
Gakenke,Digital Health Records,Immigration Department,3081,89.1,2022,Nov
Ngoma,E-Visa Service,Ministry of Health,,,2021,Nov
Burera,Digital Health Records,Ministry of Lands,,61.3,2024,Mar
Rubavu,Online Business Registration,Immigration Department,3868,92.1,2022,Feb
Huye,Online Business Registration,Ministry of Lands,3873,74,2021,Sep
Nyamagabe,Digital Health Records,Immigration Department,1956,72.9,2021,Oct
Gakenke,Land Registration Portal,Rwanda Revenue Authority,810,,2022,Jan
Rwamagana,E-Visa Service,Rwanda Revenue Authority,,54,2022,Oct
Ngoma,Online Business Registration,Immigration Department,,95.2,2024,Nov
Gakenke,Land Registration Portal,Ministry of ICT,,71.8,2021,Mar
Burera,Land Registration Portal,Immigration Department,330,50.4,2021,Aug
Gasabo,E-Visa Service,Ministry of Lands,1937,,2023,Jun
Ngoma,eTax Portal,Immigration Department,716,56.6,2021,Dec
Ngoma,Irembo Services,Ministry of Health,,,2024,Apr
Huye,Digital Health Records,Ministry of ICT,,73.6,2023,Nov
Nyamagabe,E-Visa Service,Immigration Department,3172,,2023,Dec
Karongi,Irembo Services,Ministry of ICT,,,2023,Mar
Rulindo,Digital Health Records,Ministry of ICT,,63.1,2022,Jul
Rulindo,Irembo Services,Immigration Department,,,2022,Oct
Rulindo,Digital Health Records,Immigration Department,,,2021,Nov
Huyex,Irembo Services,Rwanda Revenue Authority,,68.6,2023,Aug
Nyanza,eTax Portal,Immigration Department,1803,72.5,2024,Unknown
Kayonza,Land Registration Portal,Immigration Department,2346,63.4,2022,Apr
Rwamagana,Digital Health Records,Rwanda Revenue Authority,2311,,2024,Feb
Nyarugenge,Land Registration Portal,Rwanda Revenue Authority,4252,,2024,Feb
Ngoma,Digital Health Records,Ministry of Health,4193,95.3,2022,Mar
Nyanza,E-Visa Service,Immigration Department,,,2022,
Karongi,E-Visa Service,Ministry of Lands,2105,70.6,2022,Feb
Nyarugenge,Digital Health Records,Ministry of ICT,,54.3,2022,Oct
Nyagatare,eTax Portal,Rwanda Revenue Authority,2816,,2023,Dec
Ngoma,Irembo Services,Immigration Department,,,2023,Jul
Nyagatare,Digital Health Records,Ministry of Lands,,78,2023,Jun
Huye,Irembo Services,Ministry of ICT,,,2023,Jul
Rubavu,eTax Portal,Immigration Department,,,2021,Jun
Gasabo,Online Business Registration,Ministry of Lands,,81.2,2023,
Kicukiro,Land Registration Portal,Ministry of ICT,4671,,2022,Mar
Nyagatare,Digital Health Records,Ministry of Lands,1696,57.2,2024,Apr
Kayonza,E-Visa Service,Rwanda Revenue Authority,2847,,2023,May
Nyarugenge,eTax Portal,Immigration Department,1581,66.9,2021,Nov
Rulindo,Irembo Services,Ministry of Lands,,,2022,Feb
Nyamagabe,Digital Health Records,Ministry of Lands,1956,98.4,2024,Apr
Huye,Irembo Services,Immigration Department,,,2024,Sep
Gakenke,Online Business Registration,Ministry of ICT,763,86,2023,Oct
Kayonza,Digital Health Records,Immigration Department,2026,62.5,2024,Oct
Gakenke,Land Registration Portal,Ministry of Lands,,84.2,2023,Dec
Nyagatare,Digital Health Records,Ministry of Health,4682,76.2,2023,Oct
Rubavu,Land Registration Portal,Ministry of ICT,,,2022,May
Gasabo,Irembo Services,Ministry of Lands,,86.1,2022,
Musanze,Digital Health Records,Ministry of Health,116,89.6,2021,Dec
Nyamagabe,eTax Portal,Ministry of ICT,,,2022,Jan
Nyagatare,E-Visa Service,Rwanda Revenue Authority,,,2022,Unknown
Rwamagana,eTax Portal,Immigration Department,,74.2,2023,Unknown
Nyanza,Online Business Registration,Ministry of ICT,,,2022,Nov
Rulindo,eTax Portal,Ministry of ICT,4057,,2023,May
Kicukiro,Online Business Registration,Ministry of Lands,2522,,2023,Apr
Burera,Irembo Services,Ministry of Health,,70.6,2022,Sep
Nyagatare,Land Registration Portal,Ministry of ICT,1811,,2021,Oct
Musanze,E-Visa Service,Immigration Department,2025,,2021,Sep
Rulindo,Irembo Services,Ministry of ICT,,55.6,2024,Apr
Rubavu,Land Registration Portal,Ministry of ICT,3862,,2024,Dec
Rulindo,Land Registration Portal,Ministry of Lands,1362,89.7,2022,Jul
Nyanza,Online Business Registration,Ministry of ICT,2759,60.1,2021,May
Burera,eTax Portal,Ministry of Health,,,2023,Nov
Karongi,eTax Portal,Ministry of Lands,,,2024,Jan
Rulindo,E-Visa Service,Rwanda Revenue Authority,,87.7,2023,
Nyanza,E-Visa Service,Rwanda Revenue Authority,2447,60.2,2024,
Nyamagabe,Online Business Registration,Ministry of Lands,3785,,2022,Apr
Burera,Online Business Registration,Ministry of Health,1210,93.5,2021,Aug
Rulindo,Irembo Services,Ministry of Lands,292,,2024,Jul
Rwamagana,Online Business Registration,Ministry of Lands,1113,,2021,Feb
Kayonza,eTax Portal,Ministry of Lands,,,2023,Apr
Rulindo,Online Business Registration,Ministry of Lands,,,2022,Aug
Rusizi,Online Business Registration,Ministry of ICT,,,2021,Nov
Nyagatare,Land Registration Portal,Immigration Department,,,2022,Oct
Rusizi,Online Business Registration,Rwanda Revenue Authority,,89.9,2021,Feb
Nyanza,E-Visa Service,Ministry of Health,,82.8,2023,Sep
Kayonza,Irembo Services,Ministry of ICT,,69.9,2023,Jan
Nyagatare,Online Business Registration,Rwanda Revenue Authority,4339,88.8,2022,Jun
Rusizi,E-Visa Service,Immigration Department,,,2023,Jun
Rulindo,Digital Health Records,Ministry of Lands,,,2024,Mar
Nyarugenge,Digital Health Records,Immigration Department,,67.8,2021,Jul
Ngoma,Land Registration Portal,Rwanda Revenue Authority,,78.9,2023,Unknown
Nyagatare,Land Registration Portal,Rwanda Revenue Authority,,65.6,2024,Unknown
Rusizi,Digital Health Records,Ministry of ICT,4704,,2022,Oct
Karongi-,E-Visa Service,Ministry of ICT,,,2024,Jul
Karongi,Land Registration Portal,Ministry of Health,1623,,2022,Jun
Burera,E-Visa Service,Ministry of Lands,1967,,2022,Sep
Nyarugenge,E-Visa Service,Immigration Department,2076,65.8,2021,Nov
Rubavu,Land Registration Portal,Ministry of Lands,,68.2,2021,Mar
Rubavu,eTax Portal,Immigration Department,,,2024,
Nyagatare,E-Visa Service,Ministry of Lands,59,,2021,Aug
Gakenke,eTax Portal,Rwanda Revenue Authority,,,2021,
Rubavu,Online Business Registration,Rwanda Revenue Authority,,,2021,Feb
Huye,Digital Health Records,Ministry of Lands,,82.7,2024,Jan
Nyarugenge,Irembo Services,Ministry of Health,370,,2023,Oct
Nyamagabe,Digital Health Records,Rwanda Revenue Authority,2426,,2021,Feb
Nyamagabe,Digital Health Records,Ministry of Health,2874,92.8,2021,Jan
Karongix,E-Visa Service,Rwanda Revenue Authority,,,2024,May
Burera,eTax Portal,Ministry of ICT,2088,66,2023,Apr
Rulindo,eTax Portal,Ministry of ICT,3727,70.9,2021,Jan
Nyamagabe,Land Registration Portal,Ministry of Lands,,,2022,Jan
Kicukiro,Irembo Services,Immigration Department,,,2024,
Huye,eTax Portal,Ministry of ICT,,,2021,Jul
Nyamagabe,Land Registration Portal,Rwanda Revenue Authority,,71.4,2021,Sep
Gakenke,Irembo Services,Rwanda Revenue Authority,3580,56.5,2022,May
Gasabo,eTax Portal,Ministry of ICT,2685,78,2022,Nov
Gakenke,Digital Health Records,Ministry of ICT,1620,,2024,Dec
Kayonza,Digital Health Records,Immigration Department,,,2024,Sep
Gasabo,Irembo Services,Ministry of ICT,,69,2022,
Bugeserax,Irembo Services,Ministry of Lands,3900,59.4,2024,Jul
Ngoma,eTax Portal,Immigration Department,,,2022,Jul
Gakenke,eTax Portal,Ministry of ICT,1364,77,2021,Dec
Nyamagabe,Irembo Services,Rwanda Revenue Authority,2948,88,2022,Jul
Burera,E-Visa Service,Ministry of ICT,,73.6,2022,Feb
Burera,Irembo Services,Ministry of Lands,,82.6,2023,Nov
Nyagatare,Land Registration Portal,Ministry of Lands,650,,2022,Sep
Kayonza,Land Registration Portal,Rwanda Revenue Authority,1115,,2022,Sep
Nyagatare,Land Registration Portal,Immigration Department,,,2023,Oct
Rusizi,Digital Health Records,Rwanda Revenue Authority,1913,,2024,Mar
Nyamagabe,Digital Health Records,Ministry of ICT,,,2023,May
Kayonza,Land Registration Portal,Rwanda Revenue Authority,3812,86,2021,Feb
Gasabo,Land Registration Portal,Immigration Department,4720,57.1,2023,May
Gakenke,E-Visa Service,Ministry of Health,1042,,2021,Feb
Karongi,Irembo Services,Rwanda Revenue Authority,2242,87.4,2024,Sep
Gakenke,Digital Health Records,Immigration Department,3104,,2023,Apr
Rwamagana,Land Registration Portal,Ministry of Health,,67.6,2023,
Rulindo,E-Visa Service,Immigration Department,,,2024,Mar
Rubavu,Online Business Registration,Immigration Department,2201,99,2021,Sep
Burera,eTax Portal,Ministry of Health,3160,51.6,2023,Jun
Gasabo,Land Registration Portal,Rwanda Revenue Authority,,,2021,Jul
Gakenke,Digital Health Records,Ministry of Health,2676,,2023,Oct
Gasabo,Land Registration Portal,Rwanda Revenue Authority,,53.5,2022,Nov
Nyarugenge,Online Business Registration,Immigration Department,,,2023,
Nyamagabe,Irembo Services,Rwanda Revenue Authority,1304,,2024,Unknown
Rubavu,Digital Health Records,Ministry of Lands,469,,2024,Nov
Rulindo,Irembo Services,Ministry of Health,2647,,2021,Nov
Rwamagana,eTax Portal,Ministry of Health,1170,93.3,2023,Nov
Kicukiro,E-Visa Service,Ministry of ICT,1000,65.3,2021,Feb
Rusizi,Irembo Services,Immigration Department,,53.4,2021,May
Gakenke,Land Registration Portal,Immigration Department,,,2022,Dec
Karongi,E-Visa Service,Rwanda Revenue Authority,4662,,2022,Jul
Huye,Online Business Registration,Ministry of Lands,1915,93.6,2024,Dec
Rulindo,Irembo Services,Immigration Department,2903,,2021,Unknown
Karongi,Online Business Registration,Ministry of Lands,,,2024,Apr
Karongi,E-Visa Service,Ministry of ICT,,,2023,Jan
Gakenke,Digital Health Records,Ministry of Health,3278,83.5,2021,Apr
Rusizi,Digital Health Records,Ministry of Lands,,,2021,Feb
Nyamagabe,Land Registration Portal,Immigration Department,,,2023,Jul
Rusizi,Land Registration Portal,Ministry of Health,144,61.3,2023,Feb
Nyarugenge,Land Registration Portal,Ministry of Lands,,77.3,2024,Aug
Kayonza,Online Business Registration,Ministry of Lands,843,70.6,2024,Oct
Gasabo,eTax Portal,Rwanda Revenue Authority,,,2023,Oct
Burera,eTax Portal,Ministry of Health,,,2024,Jan
Kicukiro,eTax Portal,Ministry of Lands,,,2023,May
Bugesera,Digital Health Records,Rwanda Revenue Authority,,,2021,Nov
Nyagatare,Digital Health Records,Immigration Department,,92.9,2021,Dec
Nyarugenge,eTax Portal,Ministry of Lands,2399,98.6,2022,Nov
Kicukiro,E-Visa Service,Rwanda Revenue Authority,,87.7,2021,Dec
Gasabo,Land Registration Portal,Rwanda Revenue Authority,,92,2023,Mar
Nyagatare,Irembo Services,Ministry of Health,,98.1,2024,Feb
Huye,E-Visa Service,Rwanda Revenue Authority,1034,,2022,Jan
Gasabo,E-Visa Service,Ministry of Lands,,,2024,Dec
Rubavu,eTax Portal,Ministry of ICT,,,2023,Mar
Nyagatare,Irembo Services,Immigration Department,,,2021,Dec
Rubavu,eTax Portal,Ministry of Lands,2985,,2022,Jan
Kayonza,Irembo Services,Ministry of Lands,,,2023,Mar
Musanzex,Land Registration Portal,Immigration Department,,52.3,2022,Aug
Huye,E-Visa Service,Immigration Department,3499,73.4,2022,Jun
Rulindo,Digital Health Records,Rwanda Revenue Authority,4196,91.2,2021,Sep
Rusizi,eTax Portal,Ministry of Lands,,64.9,2023,Sep
Bugesera,eTax Portal,Rwanda Revenue Authority,,86.5,2024,
Rwamagana,E-Visa Service,Ministry of Health,,,2022,Unknown
Musanze,E-Visa Service,Rwanda Revenue Authority,,,2022,Dec
Rwamagana,Land Registration Portal,Ministry of Health,,,2024,May
Ngoma,Online Business Registration,Ministry of ICT,1255,,2023,Mar
Musanze,eTax Portal,Ministry of Lands,2922,59.3,2022,Jun
Gasabo,Irembo Services,Ministry of Health,,,2022,Mar
Ngoma,Land Registration Portal,Ministry of ICT,4712,,2022,Dec
Gakenke,E-Visa Service,Immigration Department,2758,71.5,2023,
Gakenke,Online Business Registration,Rwanda Revenue Authority,1382,,2023,Unknown
Huye,eTax Portal,Ministry of ICT,,78.7,2024,May
Nyarugenge,eTax Portal,Ministry of Health,,,2023,Dec
Nyagatare,E-Visa Service,Ministry of Lands,,,2023,Feb
Musanze,E-Visa Service,Immigration Department,,55.7,2021,
Ngoma,E-Visa Service,Immigration Department,,76.3,2024,Jan
Musanze,Digital Health Records,Ministry of ICT,435,83.5,2022,Jun
Kicukirox,Online Business Registration,Ministry of ICT,3331,,2023,
Bugesera,Land Registration Portal,Rwanda Revenue Authority,467,78.6,2022,Jul
Burera,E-Visa Service,Immigration Department,,,2022,May
Nyamagabe,Irembo Services,Immigration Department,,,2021,Sep
Bugesera,eTax Portal,Rwanda Revenue Authority,4908,73.2,2023,Feb
Nyarugenge,Land Registration Portal,Ministry of Lands,,,2024,May
Nyanza,Digital Health Records,Rwanda Revenue Authority,4170,,2023,Dec
Karongi,E-Visa Service,Ministry of Health,4855,80.4,2022,Oct
Gasabo,eTax Portal,Ministry of Health,4430,72.3,2024,Nov
Nyamagabe,Online Business Registration,Ministry of ICT,,,2023,Feb
Kayonza,E-Visa Service,Rwanda Revenue Authority,,,2022,Aug
Musanze,E-Visa Service,Rwanda Revenue Authority,3170,,2022,Aug
Nyamagabe,E-Visa Service,Ministry of ICT,,89.3,2021,Sep
Bugesera,E-Visa Service,Ministry of Lands,3482,,2021,Jun
Rulindo,Land Registration Portal,Rwanda Revenue Authority,,63.6,2021,Jan
Rubavu,Irembo Services,Immigration Department,,87.2,2022,Aug
Nyamagabe,E-Visa Service,Rwanda Revenue Authority,,,2023,Unknown
Rwamagana,E-Visa Service,Ministry of Lands,4472,53.5,2021,Oct
Nyanza,Digital Health Records,Rwanda Revenue Authority,1809,50.1,2023,Mar
Rusizi,Land Registration Portal,Immigration Department,1039,,2021,Jun
Burera,eTax Portal,Ministry of Health,2532,95.4,2024,Mar
Kayonza,Irembo Services,Ministry of Health,1001,63.8,2024,May
Rulindo,eTax Portal,Ministry of Lands,,72.5,2021,
Nyamagabe,eTax Portal,Ministry of Lands,2767,,2022,Feb
Rusizi,Online Business Registration,Immigration Department,3426,,2021,Oct
Karongi,Online Business Registration,Ministry of Health,,,2021,Nov
Nyagatare,eTax Portal,Ministry of Health,3545,79.5,2022,Dec
Nyarugenge,Digital Health Records,Ministry of Health,2115,,2024,Feb
Rusizi,Online Business Registration,Ministry of Health,,,2023,Apr
Rulindo,Online Business Registration,Immigration Department,,,2021,Dec
Nyagatare,Online Business Registration,Ministry of Lands,996,64.2,2022,Sep
Rulindo,Online Business Registration,Ministry of Lands,3385,90.1,2021,Jan
Gakenke,Irembo Services,Ministry of ICT,4200,,2022,Jan
Karongi,eTax Portal,Ministry of Lands,,,2023,Unknown
Gasabo,Irembo Services,Ministry of Health,1531,,2023,Unknown
Kayonza,Land Registration Portal,Rwanda Revenue Authority,,54.4,2024,Jan
Karongi,Land Registration Portal,Ministry of Health,3501,90.9,2022,Apr
Rwamagana,E-Visa Service,Ministry of Health,,67.3,2022,Jan
Kayonza,Land Registration Portal,Ministry of Lands,,78.7,2024,Aug
Huye,Irembo Services,Ministry of ICT,3512,74.7,2024,Jun
Bugesera,E-Visa Service,Immigration Department,3129,52.2,2022,Jul
Rusizi,eTax Portal,Rwanda Revenue Authority,4458,,2024,Mar
Karongi,Land Registration Portal,Rwanda Revenue Authority,2540,,2023,Mar
Rusizi,Online Business Registration,Ministry of ICT,,,2021,Unknown
Rusizi,Land Registration Portal,Ministry of Health,3360,94.1,2023,Jan
Burera,Digital Health Records,Immigration Department,3725,,2024,Sep
Gasabo,Online Business Registration,Immigration Department,,83.7,2022,
Nyanza,Online Business Registration,Immigration Department,,91.2,2022,Dec
Huye,Online Business Registration,Ministry of Lands,,97.7,2023,Dec
Nyarugenge,E-Visa Service,Ministry of Health,,50.1,2022,Nov
Nyagatare,Land Registration Portal,Rwanda Revenue Authority,,,2024,Jul
Nyamagabe,Online Business Registration,Rwanda Revenue Authority,,62.9,2023,Apr
Kayonza,E-Visa Service,Ministry of Health,4475,,2022,Jun
Burera,Digital Health Records,Rwanda Revenue Authority,2248,,2021,Apr
Nyagatare,Irembo Services,Ministry of Lands,,83.3,2021,Jul
Kayonza,Digital Health Records,Immigration Department,3502,,2024,Dec
Kayonza,eTax Portal,Rwanda Revenue Authority,,54.6,2022,Jun
Rulindo,E-Visa Service,Ministry of Lands,,,2024,May
Gasabo,E-Visa Service,Immigration Department,1970,,2023,Unknown
Nyarugenge,Online Business Registration,Ministry of Health,,54,2021,Feb
Ngoma,Digital Health Records,Ministry of Health,1459,,2023,Oct
Nyagatare,Land Registration Portal,Ministry of Lands,4616,83.4,2022,Jun
Gakenke,eTax Portal,Ministry of Lands,,82.3,2024,Feb
Nyagatare,E-Visa Service,Ministry of Lands,,,2024,Sep
Ngoma,Digital Health Records,Rwanda Revenue Authority,,75.1,2024,Nov
Bugesera,Online Business Registration,Ministry of Health,,95.7,2023,Jan
Kayonza,Land Registration Portal,Rwanda Revenue Authority,,57.7,2021,Mar
Burera,Online Business Registration,Rwanda Revenue Authority,,86.2,2023,Apr
Nyanza,eTax Portal,Immigration Department,2729,87,2023,
Bugesera,Digital Health Records,Ministry of Lands,,,2022,Sep
Nyamagabe,Online Business Registration,Rwanda Revenue Authority,,,2022,Jan
Burera,eTax Portal,Immigration Department,3236,,2022,Jul
Karongi,E-Visa Service,Ministry of ICT,2623,76.6,2021,Feb
Bugesera,Land Registration Portal,Immigration Department,,74.3,2021,Aug
Rulindo,Digital Health Records,Ministry of ICT,286,70,2022,Unknown
Rusizi,Digital Health Records,Ministry of ICT,3480,56.2,2022,May
Ngoma,eTax Portal,Ministry of ICT,1351,60.8,2021,
Rusizi,Digital Health Records,Ministry of ICT,,86.5,2024,Unknown
Nyagatare,Land Registration Portal,Ministry of Lands,491,53.4,2021,May
Musanze,Land Registration Portal,Rwanda Revenue Authority,,,2021,Jun
Huye,Digital Health Records,Rwanda Revenue Authority,3848,70.2,2021,Feb
Karongi,Online Business Registration,Ministry of ICT,,63.8,2022,Sep
Musanze,Online Business Registration,Rwanda Revenue Authority,2225,,2024,Aug
Burera,Land Registration Portal,Ministry of ICT,,,2021,Jan
Rwamagana,Online Business Registration,Rwanda Revenue Authority,,69.2,2022,Jun
Huye,eTax Portal,Immigration Department,2131,92.9,2023,Apr
Huye,Irembo Services,Ministry of Lands,4733,88,2023,May
Kayonza,E-Visa Service,Ministry of Health,391,,2021,Oct
Rusizi,Digital Health Records,Ministry of ICT,2124,50.6,2023,
Nyanza,eTax Portal,Immigration Department,695,,2024,May
Ngoma,Land Registration Portal,Immigration Department,,,2023,Dec
Musanze,Irembo Services,Ministry of Lands,,,2023,Oct
Huye,E-Visa Service,Ministry of Lands,1758,58.3,2024,Apr
Ngoma,Land Registration Portal,Ministry of ICT,3019,,2021,Aug
Nyagatare,Irembo Services,Ministry of ICT,,88.1,2021,Jun
Bugesera,eTax Portal,Immigration Department,,57.7,2024,Oct
Rwamagana,Irembo Services,Immigration Department,,,2024,Aug
Ngoma,Online Business Registration,Ministry of Lands,1436,81.8,2024,
Gasabo,eTax Portal,Ministry of ICT,2916,69.3,2023,
Burera,Digital Health Records,Ministry of ICT,3413,70.5,2024,Apr
Rubavu,Land Registration Portal,Immigration Department,4939,,2022,Dec
Rusizi,Online Business Registration,Ministry of Health,198,,2023,Sep
Kicukiro,Digital Health Records,Immigration Department,,,2021,
Kicukiro,Irembo Services,Ministry of Health,1186,99.4,2021,
Burera,Online Business Registration,Ministry of ICT,,55.3,2021,Apr
Ngoma,Digital Health Records,Immigration Department,,57,2023,Mar
Rubavu,eTax Portal,Ministry of Lands,4243,,2022,Jan
Kayonza,Irembo Services,Rwanda Revenue Authority,,75.3,2024,Jul
Musanze,Digital Health Records,Ministry of ICT,4551,,2024,Jan
Gasabo,Irembo Services,Ministry of ICT,,,2021,Apr
Ngoma,Digital Health Records,Immigration Department,,96.3,2021,Sep
Kayonza,Land Registration Portal,Rwanda Revenue Authority,,,2023,Jun
Kayonza,eTax Portal,Rwanda Revenue Authority,,65.7,2022,Nov
Rulindo,Online Business Registration,Rwanda Revenue Authority,4510,,2024,Unknown
Karongi,Digital Health Records,Immigration Department,531,,2023,Dec
Rwamagana,Irembo Services,Immigration Department,,,2024,Jan
Kicukiro,eTax Portal,Ministry of Health,1574,68.7,2021,Jun
Rusizi,Online Business Registration,Ministry of Health,2393,,2024,Jan
Kayonza,Irembo Services,Ministry of Health,1290,99.7,2022,
Musanze,eTax Portal,Ministry of Lands,,99.2,2022,Nov
Nyarugenge,Irembo Services,Ministry of ICT,4170,,2021,Jul
Gakenke,E-Visa Service,Ministry of Health,,69.5,2022,Unknown
Kayonza,E-Visa Service,Ministry of Lands,,,2022,Dec
Nyarugenge,eTax Portal,Ministry of Lands,221,77.1,2023,Dec
Kicukiro,Online Business Registration,Immigration Department,,73.9,2024,May
Rubavu,Online Business Registration,Rwanda Revenue Authority,2372,,2021,Feb
Rubavu,Irembo Services,Rwanda Revenue Authority,3165,62.3,2021,Apr
Ngoma,eTax Portal,Ministry of Health,4140,,2021,Sep
Nyarugenge,Digital Health Records,Ministry of ICT,3054,91.3,2021,Apr
Nyagatare,E-Visa Service,Ministry of ICT,379,59.7,2021,Jul
Musanze,Online Business Registration,Ministry of ICT,3944,75.4,2022,Aug
Burera,E-Visa Service,Ministry of Lands,,,2023,Jan
Nyamagabe,Digital Health Records,Ministry of Lands,,,2021,Mar
Nyagatare,Digital Health Records,Ministry of Lands,,,2023,Dec
Nyanza,Land Registration Portal,Immigration Department,4112,79.1,2023,May
Gakenke,Irembo Services,Ministry of Lands,3202,72.2,2022,Feb
Rulindo,Irembo Services,Ministry of ICT,,,2021,Jan
Rulindo,Irembo Services,Ministry of ICT,,70.1,2022,Apr
Ngoma,eTax Portal,Rwanda Revenue Authority,3776,,2021,Unknown
Nyamagabe,Online Business Registration,Ministry of ICT,4043,81.2,2022,Sep
Ngoma,Online Business Registration,Ministry of Lands,,89.6,2023,Jul
Kicukiro,Land Registration Portal,Ministry of Lands,,60.1,2021,Dec
Musanze,E-Visa Service,Ministry of Health,4856,57.4,2024,Jun
Huye,Land Registration Portal,Immigration Department,,,2023,Aug
Huye,Land Registration Portal,Ministry of ICT,,95.3,2024,Dec
Rusizi,Digital Health Records,Immigration Department,,98.2,2023,Feb
Nyarugenge,Irembo Services,Ministry of ICT,4480,,2022,Oct
Rwamagana,eTax Portal,Rwanda Revenue Authority,4282,,2021,Feb
Nyagatare,Online Business Registration,Rwanda Revenue Authority,1571,,2023,Sep
Rwamagana,eTax Portal,Immigration Department,4872,,2022,Mar
Burera,Irembo Services,Ministry of Lands,,,2021,Nov
Nyarugenge,Irembo Services,Ministry of Health,2469,,2021,Unknown
Rwamagana,Online Business Registration,Ministry of ICT,,,2023,Jul
Gasabo,Digital Health Records,Ministry of ICT,,57.4,2021,Feb
Nyamagabe,E-Visa Service,Ministry of Health,664,,2023,Oct
Rulindo,Land Registration Portal,Immigration Department,,,2021,Oct
Kayonza,Digital Health Records,Immigration Department,,74.6,2024,Jan
Ngoma,Irembo Services,Ministry of ICT,180,,2022,Jul
Kicukiro,Irembo Services,Rwanda Revenue Authority,,,2024,Nov
Nyagatare,Digital Health Records,Ministry of Health,4328,88.1,2023,Mar
Ngoma,Land Registration Portal,Ministry of ICT,4509,,2024,Apr
Ngoma,Land Registration Portal,Rwanda Revenue Authority,4009,,2023,May
Rulindo,Irembo Services,Immigration Department,3637,86.3,2021,May
Nyarugenge,E-Visa Service,Rwanda Revenue Authority,970,,2021,Unknown
Nyagatare,Land Registration Portal,Ministry of Lands,2819,72.2,2023,Jun
Rusizi,Land Registration Portal,Ministry of ICT,4161,,2024,
Huye,Online Business Registration,Ministry of Health,,90.3,2021,Jul
Nyamagabe,E-Visa Service,Rwanda Revenue Authority,3571,60,2022,Dec
Musanze,Online Business Registration,Immigration Department,,53,2021,Unknown
Burera,eTax Portal,Rwanda Revenue Authority,,72,2022,Dec
Nyagatare,Digital Health Records,Immigration Department,4396,,2024,Jun
Rubavu,Irembo Services,Ministry of Lands,1854,,2022,Jun
Rusizi,Land Registration Portal,Immigration Department,3860,62.8,2022,Aug
Rubavu,eTax Portal,Ministry of Health,,,2022,May
Nyarugenge,Online Business Registration,Ministry of Lands,,61,2022,Apr
Kicukiro,Land Registration Portal,Rwanda Revenue Authority,2082,,2021,Feb
Rwamagana,Digital Health Records,Ministry of ICT,4463,,2022,Apr
Ngoma,Online Business Registration,Immigration Department,4893,,2021,Mar
Ngoma,E-Visa Service,Ministry of Health,,,2022,
Rulindo,E-Visa Service,Ministry of ICT,1821,,2023,
Musanze,Irembo Services,Ministry of ICT,,91,2024,Oct
Rulindo,Land Registration Portal,Ministry of Lands,970,,2022,Feb
Ngoma,eTax Portal,Rwanda Revenue Authority,,,2023,Mar
Gakenke,Irembo Services,Ministry of ICT,4534,50.4,2022,Feb
Rusizi,Land Registration Portal,Ministry of Health,3810,,2022,Mar
Nyanza,Land Registration Portal,Immigration Department,,91.4,2022,Aug
Burera,Land Registration Portal,Immigration Department,,50.1,2023,Aug
Kayonza,Land Registration Portal,Immigration Department,,86.9,2024,Jun
Rulindo,Land Registration Portal,Ministry of Lands,,81.6,2023,Jul
Nyarugenge,Irembo Services,Ministry of Health,4438,,2024,Feb
Kicukiro,Digital Health Records,Ministry of ICT,481,,2022,Sep
Nyamagabe,Digital Health Records,Ministry of Health,2682,82.9,2021,Jun
Karongi,Irembo Services,Ministry of Lands,,94.2,2022,
Rusizi,E-Visa Service,Ministry of Lands,,,2024,Apr
Gasabo,Digital Health Records,Rwanda Revenue Authority,1878,,2023,Aug
Nyarugenge,eTax Portal,Ministry of Health,4118,,2022,May
Nyagatare,eTax Portal,Immigration Department,4855,84.4,2023,Aug
Gasabo,E-Visa Service,Ministry of Lands,1513,53.3,2023,May
Rusizi,Irembo Services,Ministry of Lands,3465,,2023,Unknown
Kicukiro,eTax Portal,Rwanda Revenue Authority,,90.4,2022,Feb
Rwamagana,Irembo Services,Immigration Department,4917,84.9,2023,Feb
Kayonza,eTax Portal,Ministry of Lands,934,97.8,2023,Mar
Nyanza,Online Business Registration,Ministry of ICT,,,2022,
Rulindo,E-Visa Service,Immigration Department,3451,53.8,2023,Nov
Rusizi,E-Visa Service,Ministry of Health,4371,,2022,May
Rwamagana,E-Visa Service,Rwanda Revenue Authority,2315,,2024,Unknown
Nyamagabe,Irembo Services,Ministry of ICT,,,2024,Dec
Kayonza,Land Registration Portal,Ministry of ICT,3895,70.1,2024,Dec
Nyarugenge,E-Visa Service,Ministry of Health,,,2023,Oct
Kayonza,eTax Portal,Rwanda Revenue Authority,776,,2021,Jan
Bugesera,Online Business Registration,Ministry of Lands,,,2021,Apr
Nyamagabe,Irembo Services,Rwanda Revenue Authority,1963,70.3,2023,Unknown
Karongi,eTax Portal,Ministry of Lands,1646,51.1,2021,Unknown
Karongi,Land Registration Portal,Ministry of Health,,73.8,2022,Jun
Musanze,eTax Portal,Ministry of Health,,,2021,Mar
Rwamagana,E-Visa Service,Ministry of ICT,,98.9,2023,Feb
Karongi,Online Business Registration,Ministry of ICT,4119,60.7,2023,Dec
Nyamagabe,E-Visa Service,Ministry of ICT,942,,2022,Apr
Kayonza,Digital Health Records,Ministry of Health,3210,59.4,2024,Jun
Ngoma,E-Visa Service,Ministry of Lands,,,2023,Jul
Gakenke,Digital Health Records,Ministry of Health,,,2022,Sep
Burera,E-Visa Service,Ministry of Health,1340,,2021,Jan
Kicukiro,Online Business Registration,Ministry of ICT,,,2021,Nov
Rulindo,Online Business Registration,Rwanda Revenue Authority,1268,,2022,May
Nyarugenge,Irembo Services,Ministry of ICT,,61.7,2022,May
Karongi,E-Visa Service,Rwanda Revenue Authority,4666,,2023,Unknown
Rusizi,Digital Health Records,Ministry of Lands,4185,,2021,Mar
Karongi,Irembo Services,Ministry of Lands,1468,57.1,2022,Jan
Musanzex,eTax Portal,Immigration Department,,,2021,Jul
Gakenke,Online Business Registration,Immigration Department,,,2022,Unknown
Nyanza,Irembo Services,Immigration Department,,,2021,Aug
Gasabo,Online Business Registration,Ministry of Lands,,81.5,2024,Sep
Burera,Irembo Services,Ministry of ICT,,63.6,2023,Dec
Rulindo,eTax Portal,Ministry of ICT,1761,65.9,2021,Sep
Nyamagabe,eTax Portal,Ministry of ICT,845,59.5,2024,Apr
Kicukiro,Land Registration Portal,Ministry of Health,,,2021,Feb
Huye,Digital Health Records,Immigration Department,3161,79.7,2021,Aug
Nyanzax,Land Registration Portal,Ministry of ICT,367,,2024,Feb
Bugesera,Digital Health Records,Immigration Department,,,2021,
Kayonza,eTax Portal,Immigration Department,,62.3,2021,
Rulindo,Irembo Services,Ministry of Health,3980,,2023,Mar
Kicukiro,E-Visa Service,Ministry of Lands,,55.1,2024,Feb
Huye,Online Business Registration,Ministry of ICT,4361,56.5,2024,Jan
Rusizi,eTax Portal,Ministry of Health,,,2022,Jan
Burera,eTax Portal,Ministry of Lands,2189,,2021,Unknown
Rubavu,Irembo Services,Ministry of Lands,1754,94.6,2023,
Ngoma,E-Visa Service,Ministry of ICT,412,,2021,Apr
Rulindo,eTax Portal,Immigration Department,,,2021,Mar
Kayonza,eTax Portal,Rwanda Revenue Authority,4501,83.8,2022,Apr
Musanze,Irembo Services,Immigration Department,,,2021,Unknown
Gasabo,eTax Portal,Immigration Department,4845,,2023,Jul
Nyagatare,Digital Health Records,Rwanda Revenue Authority,,,2023,Jun
Rwamagana,Digital Health Records,Ministry of Lands,2858,83.8,2022,Nov
Ngoma,E-Visa Service,Rwanda Revenue Authority,,58.3,2021,Nov
Burera,Digital Health Records,Rwanda Revenue Authority,2769,93.8,2023,Nov
Gasabo,Digital Health Records,Ministry of Health,,,2021,Feb
Burera,eTax Portal,Ministry of Health,1624,,2021,Oct
Nyamagabe,Online Business Registration,Ministry of Health,,,2021,Oct
Nyarugenge,Digital Health Records,Ministry of Lands,,,2022,May
Nyagatare,E-Visa Service,Rwanda Revenue Authority,638,,2021,Unknown
Musanze,Digital Health Records,Ministry of ICT,1597,100,2023,Feb
Rulindo,eTax Portal,Rwanda Revenue Authority,,,2021,Jan
Musanze,Land Registration Portal,Ministry of Lands,3167,,2023,Feb
Rubavu,eTax Portal,Ministry of Health,1186,71.6,2021,Apr
Kayonza,Irembo Services,Ministry of Lands,,,2023,Nov
Ngoma,E-Visa Service,Ministry of Health,,,2023,Aug
Nyanza,Digital Health Records,Ministry of Lands,,50.1,2021,
Rusizi,Irembo Services,Ministry of ICT,,,2021,Mar
Nyamagabe,Digital Health Records,Ministry of Health,,,2023,Feb
Kayonza,Land Registration Portal,Ministry of Health,,,2024,Unknown
Kayonza,Online Business Registration,Rwanda Revenue Authority,,,2022,Unknown
Nyagatare,Land Registration Portal,Ministry of Lands,621,,2024,
Rulindo,eTax Portal,Immigration Department,1295,,2024,Jun
Burera,eTax Portal,Immigration Department,,83.9,2021,Feb
Rubavu,Irembo Services,Rwanda Revenue Authority,,51.8,2022,Jan
Gakenke,Irembo Services,Ministry of Lands,,56.8,2024,Aug
Huye,eTax Portal,Ministry of ICT,,56.3,2021,Jan
Nyanza,E-Visa Service,Rwanda Revenue Authority,,,2024,Mar
Rubavu,eTax Portal,Ministry of Health,967,,2024,Oct
Nyarugenge,eTax Portal,Ministry of ICT,935,,2021,Jul
Rusizi,Digital Health Records,Ministry of Lands,,79,2021,Unknown
Nyamagabe,Land Registration Portal,Ministry of Health,3241,64.4,2021,Dec
Karongi,E-Visa Service,Immigration Department,,83.3,2022,Jul
Nyanza,Digital Health Records,Ministry of Lands,4849,,2024,Aug
Rusizi,Online Business Registration,Ministry of Health,,77.2,2021,Jan
Gasabo,E-Visa Service,Ministry of Lands,3797,,2023,Jul
Ngoma,Digital Health Records,Ministry of Health,,,2024,Nov
Ngoma,eTax Portal,Ministry of Lands,78,,2023,Jul
Kayonza,Digital Health Records,Immigration Department,,,2022,Mar
Rubavu,Irembo Services,Rwanda Revenue Authority,4049,70.7,2021,Jun
Rulindo,E-Visa Service,Ministry of Health,,,2023,Apr
Burera,eTax Portal,Ministry of Health,,,2022,Mar
Kayonza,Land Registration Portal,Immigration Department,,63.3,2021,May
Bugesera,Digital Health Records,Rwanda Revenue Authority,,,2023,May
Karongi,eTax Portal,Ministry of Lands,88,,2023,Aug
Burera,E-Visa Service,Ministry of Health,936,,2022,Mar
Burera,Irembo Services,Rwanda Revenue Authority,2254,,2021,Jan
Gakenke,Irembo Services,Ministry of Lands,,,2021,Oct
Rulindo,E-Visa Service,Ministry of Health,,,2023,Oct
Karongi,E-Visa Service,Ministry of Health,3580,56.3,2023,Oct
Huye,Digital Health Records,Ministry of Lands,3828,53.8,2023,Apr
Nyagatare,eTax Portal,Immigration Department,,,2021,Nov
Gakenke,Land Registration Portal,Rwanda Revenue Authority,,59.1,2022,May
Nyagatare,E-Visa Service,Ministry of Health,1038,50.9,2022,Aug
Nyamagabe,E-Visa Service,Ministry of Lands,,67.1,2021,Jul
Kicukiro,Online Business Registration,Ministry of Health,1732,,2024,Sep
Karongi,Irembo Services,Ministry of Lands,,,2022,Aug
Kayonza,Online Business Registration,Ministry of Health,983,50.1,2023,Jan
Gakenke,Land Registration Portal,Ministry of ICT,3283,83.2,2024,Feb
Gakenke,E-Visa Service,Immigration Department,1905,98.7,2024,May
Rubavu,Digital Health Records,Rwanda Revenue Authority,,,2022,Jul
Kayonza,Irembo Services,Immigration Department,1859,94.9,2024,Mar
Kicukiro,Online Business Registration,Immigration Department,2305,,2024,Jul
Rubavu,Irembo Services,Rwanda Revenue Authority,,,2022,Apr
Nyanza,Online Business Registration,Immigration Department,1034,,2022,Nov
Karongi,E-Visa Service,Ministry of ICT,3726,53.3,2024,
Musanze,eTax Portal,Ministry of Lands,569,,2023,Sep
Rulindo,eTax Portal,Rwanda Revenue Authority,,74.2,2021,Apr
Musanze,Digital Health Records,Ministry of Lands,,,2024,Nov
Nyanza,Land Registration Portal,Ministry of Health,,,2024,
Rulindo,Irembo Services,Ministry of ICT,,99.5,2023,Sep
Gasabo,Land Registration Portal,Ministry of Lands,,,2024,
Rubavu,Online Business Registration,Ministry of Lands,,82.5,2024,Jan
Nyamagabe,E-Visa Service,Rwanda Revenue Authority,576,,2021,Jul
Rubavu,Digital Health Records,Ministry of Health,2303,88.8,2021,
Nyarugenge,eTax Portal,Rwanda Revenue Authority,,,2021,Dec
Kayonza,eTax Portal,Ministry of Health,,81,2022,Jun
Rusizi,Digital Health Records,Rwanda Revenue Authority,,,2022,Aug
Karongi,Irembo Services,Ministry of Lands,,65.8,2021,Sep
Gakenke,Land Registration Portal,Ministry of Lands,,57.3,2021,
Nyarugenge,Online Business Registration,Ministry of ICT,633,,2022,Aug
Karongi,Land Registration Portal,Ministry of Lands,3838,,2023,Jun
Burera,eTax Portal,Immigration Department,4217,82.1,2024,Oct
Gakenke,Digital Health Records,Ministry of Lands,,,2024,Sep
Karongi,eTax Portal,Immigration Department,,,2021,Jun
Kayonza,E-Visa Service,Ministry of Lands,3616,73.5,2023,Jul
Burera,eTax Portal,Immigration Department,,,2022,May
Kicukiro,Online Business Registration,Immigration Department,778,53.1,2021,Mar
Nyarugenge,Irembo Services,Ministry of Lands,,,2023,Jan
Nyagatare,Irembo Services,Immigration Department,,81.5,2023,Jun
Ngoma,E-Visa Service,Ministry of ICT,,52.2,2023,Oct
Nyagatare,Online Business Registration,Ministry of Health,,97.9,2022,Apr
Nyarugenge,Digital Health Records,Immigration Department,1626,,2022,Jan
Nyamagabe,Land Registration Portal,Immigration Department,,75,2024,
Musanze,Digital Health Records,Ministry of ICT,,,2024,
Musanze,Land Registration Portal,Ministry of ICT,,,2023,May
Rulindo,Irembo Services,Rwanda Revenue Authority,,,2023,Jan
Rwamagana,eTax Portal,Ministry of Health,,77.3,2022,
Ngoma-,eTax Portal,Rwanda Revenue Authority,51,72.9,2024,Aug
Gasabo,E-Visa Service,Immigration Department,2898,58.3,2023,Sep
Kicukiro,Digital Health Records,Ministry of ICT,,74.1,2024,Jun
Karongi,Online Business Registration,Immigration Department,967,52.5,2024,
Kicukiro,Land Registration Portal,Ministry of Lands,,56.8,2023,Oct
Ngoma,eTax Portal,Ministry of Health,,89.7,2022,Apr
Bugesera,E-Visa Service,Ministry of Lands,,,2023,Mar
Bugesera,Digital Health Records,Ministry of ICT,,,2023,Feb
Nyamagabe,Online Business Registration,Ministry of ICT,155,,2024,Apr
Rubavu,Irembo Services,Ministry of ICT,477,,2023,Nov
Nyagatare,Online Business Registration,Ministry of Health,1945,,2022,Apr
Nyanza,Irembo Services,Rwanda Revenue Authority,366,78.5,2023,May
Nyamagabe,Digital Health Records,Immigration Department,,,2022,Sep
Rwamagana,Online Business Registration,Immigration Department,,79.7,2022,Unknown
Rwamagana,E-Visa Service,Immigration Department,3194,,2024,
Rwamagana,Digital Health Records,Immigration Department,,,2021,Dec
Nyarugenge,Irembo Services,Immigration Department,,91.5,2021,Jan
Gakenke,E-Visa Service,Rwanda Revenue Authority,,,2024,
Nyagatare,eTax Portal,Ministry of Lands,,84.9,2023,Apr
Kayonza,E-Visa Service,Ministry of Health,,,2024,Oct
Rubavu,eTax Portal,Ministry of Lands,4256,,2022,Unknown
Nyagatare,E-Visa Service,Ministry of Lands,2480,,2021,
Rulindo,Irembo Services,Immigration Department,,,2024,Jul
Rusizi,Land Registration Portal,Immigration Department,,62.4,2023,Jun
Rulindo,Land Registration Portal,Rwanda Revenue Authority,,72.9,2024,Unknown
Rusizi,eTax Portal,Ministry of Health,,,2021,Unknown
Gasabo,eTax Portal,Ministry of ICT,944,88.2,2024,Mar
Rulindo,Online Business Registration,Ministry of Lands,,74.9,2024,Mar
Ngoma,E-Visa Service,Ministry of ICT,4159,,2021,Apr
Burera,E-Visa Service,Ministry of Health,,,2022,Oct
Rwamagana,E-Visa Service,Ministry of Lands,3006,77.6,2022,Jun
Nyarugenge,E-Visa Service,Ministry of ICT,,,2021,
Rulindo,Online Business Registration,Ministry of ICT,,,2024,Dec
Rubavu,Land Registration Portal,Ministry of Lands,,68.2,2021,Mar
Kayonza,Irembo Services,Ministry of Health,1290,99.7,2022,
Gakenke,E-Visa Service,Ministry of Health,,69.5,2022,Unknown
Rusizi,eTax Portal,Rwanda Revenue Authority,4458,,2024,Mar
Nyanza,E-Visa Service,Ministry of ICT,,,2023,Jul
Nyarugenge,Online Business Registration,Ministry of Health,,54,2021,Feb
Karongi,E-Visa Service,Ministry of Health,4855,80.4,2022,Oct
Nyarugenge,Digital Health Records,Immigration Department,,67.8,2021,Jul
Rulindo,Irembo Services,Ministry of Health,3980,,2023,Mar
Bugesera,eTax Portal,Ministry of Lands,,,2022,Mar
Karongi,Irembo Services,Ministry of Lands,,94.2,2022,
Kicukiro,E-Visa Service,Ministry of ICT,613,,2021,Mar
Rwamagana,E-Visa Service,Ministry of Lands,4472,53.5,2021,Oct
Bugesera,E-Visa Service,Ministry of Lands,,,2023,Mar
Nyanza,Land Registration Portal,Ministry of Health,,,2024,
Rusizi,Digital Health Records,Ministry of Lands,,79,2021,Unknown
Rusizi,Digital Health Records,Ministry of Lands,,,2023,Dec
Kayonza,Irembo Services,Ministry of Lands,,,2023,Nov
Musanze,E-Visa Service,Ministry of Health,4856,57.4,2024,Jun
Rubavu,Digital Health Records,Ministry of ICT,,,2021,Aug
Kayonza,Land Registration Portal,Rwanda Revenue Authority,1115,,2022,Sep
Nyagatare,E-Visa Service,Ministry of ICT,1009,84.8,2023,Jan
Rwamagana,Irembo Services,Rwanda Revenue Authority,,78.9,2024,May
Nyarugenge,Irembo Services,Ministry of Health,370,,2023,Oct
Kicukiro,eTax Portal,Ministry of Health,,77,2021,Nov